﻿<?xml version="1.0" encoding="UTF-8"?>
<addon
  id="pvr.vbox"
  version="1.0.0"
  name="VBox TV Gateway PVR Client"
  provider-name="Sam Stenvall">
  <requires>
    <c-pluff version="0.1"/>
    <import addon="xbmc.pvr" version="1.9.6"/>
  </requires>
  <extension
    point="xbmc.pvrclient"
    library_linux="pvr.vbox.so"
    library_osx="pvr.vbox.dylib"
    library_freebsd="pvr.vbox.so"
    library_wingl="pvr.vbox.dll"
    library_windx="pvr.vbox.dll"
    library_android="pvr.vbox.so"/>
  <extension point="xbmc.addon.metadata">
    <summary lang="en">PVR addon for VBox Home TV Gateways</summary>
    <description lang="en">This is a PVR addon for interfacing with VBox Communications' XTi TV Gateways. It supports all the basic functionality you would expect, such as watching, recording and timeshifting. Additionally, it supports augmenting the over-the-air guide data with external XMLTV data.</description>
    <platform>all</platform>
  </extension>
</addon>
