<?xml version="1.0" encoding="UTF-8"?>
<addon
  id="pvr.stalker"
  version="0.7"
  name="Stalker Client"
  provider-name="dvbken">
  <requires>
    <c-pluff version="0.1"/>
    <import addon="xbmc.pvr" version="1.9.6"/>
  </requires>
  <extension
    point="xbmc.pvrclient"
    library_linux="pvr.stalker.so"
    library_osx="pvr.stalker.dylib"
    library_freebsd="pvr.stalker.so"
    library_windx="pvr.stalker.dll"
    library_android="libpvr.stalker.so" />
  <extension point="xbmc.addon.metadata">
    <summary lang="en">PVR Client to connect Kodi to Stalker Middleware</summary>
    <description lang="en">PVR Client to connect Kodi to Stalker Middleware</description>
    <disclaimer lang="en">This is unstable software! The authors are in no way responsible for failed recordings, incorrect timers, wasted hours, or any other undesirable effects..</disclaimer>
    <platform>all</platform>
  </extension>
</addon>
