<?xml version="1.0" encoding="UTF-8"?>
<addon
  id="pvr.njoy"
  version="1.10.3"
  name="Njoy N7 PVR Client"
  provider-name="Team XBMC">
  <requires>
    <c-pluff version="0.1"/>
    <import addon="xbmc.pvr" version="1.9.6"/>
  </requires>
  <extension
    point="xbmc.pvrclient"
    library_linux="pvr.njoy.so"
    library_osx="pvr.njoy.dylib"
    library_freebsd="pvr.njoy.so"
    library_windx="pvr.njoy.dll"
    library_android="libpvr.njoy.so"/>
  <extension point="xbmc.addon.metadata">
    <summary lang="am">Njoy N7 PVR Client</summary>
    <summary lang="bg">Njoy N7 ПВР клиент</summary>
    <summary lang="ca">Client PVR Njoy N7</summary>
    <summary lang="cs">Klient PVR Njoy N7</summary>
    <summary lang="cy">Rhaglen Rhaglenni Njoy N7</summary>
    <summary lang="da">Njoy N7 PVR Klient</summary>
    <summary lang="de">Njoy N7 PVR Client</summary>
    <summary lang="el">Πελάτης PVR του Njoy N7</summary>
    <summary lang="en">Njoy N7 PVR Client</summary>
    <summary lang="en_AU">Njoy N7 PVR Client</summary>
    <summary lang="en_NZ">Njoy N7 PVR Client</summary>
    <summary lang="en_US">Njoy N7 PVR Client</summary>
    <summary lang="es">Cliente PVR Njoy N7</summary>
    <summary lang="es_AR">Cliente PVR Njoy N7</summary>
    <summary lang="es_MX">Cliente Njoy N7 PVR</summary>
    <summary lang="et">Njoy N7 PVR klient</summary>
    <summary lang="fr">Client PVR Njoy N7</summary>
    <summary lang="fr_CA">Client numériscope Njoy N7</summary>
    <summary lang="gl">Cliente PVR de Njoy N7</summary>
    <summary lang="he">לקוח טלוויזיה חיה עבור Njoy N7</summary>
    <summary lang="hr">Njoy N7 PVR klijent</summary>
    <summary lang="hu">Njoy N7 PVR ügyfél</summary>
    <summary lang="id">Klien Njoy N7 PVR</summary>
    <summary lang="is">Njoy N7 Upptökubiðlari (PVR Client)</summary>
    <summary lang="it">Client PVR Njoy N7</summary>
    <summary lang="ja">Njoy N7 PVR クライアント</summary>
    <summary lang="ka">Njoy N7 PVR კლიენტი</summary>
    <summary lang="ko">Njoy N7 PVR 클라이언트</summary>
    <summary lang="lt">Njoy N7 PVR klientas</summary>
    <summary lang="lv">Njoy N7 PVR klients</summary>
    <summary lang="mk"> Njoy N7 PVR клиент</summary>
    <summary lang="ms">Klien PVR Njoy N7</summary>
    <summary lang="my">Njoy N7 PVR Client</summary>
    <summary lang="nl">Njoy N7 PVR cliënt</summary>
    <summary lang="no">Njoy N7 PVR Klient</summary>
    <summary lang="pl">Klient TV dla Njoy N7</summary>
    <summary lang="pt">Cliente PVR Njoy N7</summary>
    <summary lang="pt_BR">Cliente de PVR Njoy N7</summary>
    <summary lang="ro">Client PVR Njoy N7</summary>
    <summary lang="ru">Njoy N7 PVR Клиент</summary>
    <summary lang="si">Njoy N7 PVR සේවාග්‍රාහකයා </summary>
    <summary lang="sk">Njoy N7 PVR Klient</summary>
    <summary lang="sl">Odjemalec PVR Njoy N7</summary>
    <summary lang="sr">PVR клијент Njoy N7</summary>
    <summary lang="sv">Njoy N7 PVR Klient</summary>
    <summary lang="tg">Муштарии Njoy N7 PVR</summary>
    <summary lang="th">Njoy N7 PVR Client</summary>
    <summary lang="tr">Njoy N7 PVR İstemcisi</summary>
    <summary lang="uk">Клієнт Njoy N7 для PVR</summary>
    <summary lang="vi">Phần mềm PVR cho Njoy N7</summary>
    <summary lang="zh">Njoy N7 PVR 客户端</summary>
    <summary lang="zh_TW">Njoy N7 PVR 用戶端</summary>
    <platform>all</platform>
  </extension>
</addon>
